currency,code,symbol,coins,bank_notes,central_bank,central_bank_url,users
Albanian Lek,ALL,Lek,"Lek1, Lek5, Lek10, Lek20, Lek50, Lek100","Lek200, Lek500, Lek1000, Lek2000, Lek5000",Bank of Albania,http://www.bankofalbania.org/web/Welcome_to_Bank_of_Albania_webpage_5186_2.php,Albania
Afghan Afghani,AFN,؋,"؋1, ؋2, ؋5","؋1, ؋2, ؋5, ؋10, ؋20, ؋50, ؋100, ؋500, ؋1000",Da Afghanistan Bank,http://www.centralbank.gov.af,Afghanistan
Argentine Peso,ARS,$,"Centavo5, Centavo10, Centavo25, Centavo50, $1, $2","$2, $5, $10, $20, $50, $100",Central Bank of Argentina,http://www.bcra.gov.ar/index_i.htm,"Argentina, Islas Malvinas"
Aruban or Dutch Guilder,AWG,ƒ,,,,,Aruba
Australian Dollar,AUD,$,"5c, 10c, 20c, 50c, $1, $2","$5, $10, $20, $50, $100",Reserve Bank of Australia,http://www.rba.gov.au,"Australia, Christmas Island, Cocos (Keeling) Islands, Norfolk Island, Ashmore and Cartier Islands, Australian Antarctic Territory, Coral Sea Islands, Heard Island, McDonald Islands, Kiribati, Nauru"
Azerbaijan Manat,AZN,₼,"qr1, qr3, qr5, qr10, qr20, qr50","₼1, ₼5, ₼10, ₼20, ₼50, ₼100",Central Bank of the Republic of Azerbaijan,http://www.cbar.az/,Azerbaijan
Bahamian Dollar,BSD,$,"Cent1, Cent5, Cent25, Cent50, $1, $20","$1, $2, $5, $10, $20, $50, $100",The Bahamas Central Bank,http://www.centralbankbahamas.com/,Bahamas
Barbadian or Bajan Dollar,BBD,$,"Cent1, Cent5, Cent10, Cent25, $1","$2, $5, $10, $20, $50, $100",Central Bank of Barbados,http://www.centralbank.org.bb/,Barbados
Belarusian Ruble,BYN,Br,,"Br1, Br5, Br10, Br20, Br50, Br100, Br500, Br1000, Br5000, Br10000, Br20000, Br50000, Br100000",National Bank of the Republic of Belarus,http://www.nbrb.by,Belarus
Belizean Dollar,BZD,BZ$,"Cent1, Cent5, Cent10, Cent25, Cent50, BZ$1, BZ$2","BZ$2, BZ$5, BZ$10, BZ$20, BZ$50, BZ$100",Central Bank of Belize,http://www.centralbank.org.bz,Belize
Bermudian Dollar,BMD,$,,,Bermuda Monetary Authority,http://www.bma.bm,Bermuda
Bolivian Bolíviano,BOB,$b,"Centavo10, Centavo20, Centavo50, $b1, $b2, $b5","$b10, $b20, $b50, $b100, $b200",Banco Central de Bolivia,http://www.bcb.gob.bo,Bolivia
Bosnian Convertible Mark,BAM,KM,"fening5, fening10, fening20, fening50, KM1, KM2, KM5","KM10, KM20, KM50, KM100, KM200",Central bank of Bosnia and Herzegovina,http://www.cbbh.ba,Bosnia and Herzegovina
Botswana Pula,BWP,P,"5t, 10t, 25t, 50t, P1, P2, P5","P10, P20, P50, P100, P200",Bank of Botswana,http://www.bankofbotswana.bw,Botswana
Bulgarian Lev,BGN,лв,"стотинки1, стотинки2, стотинки5, стотинки10, стотинки20, стотинки50, лв1","лв2, лв5, лв10, лв20, лв50, лв100, лв1",Bulgarian National Bank,http://www.bnb.bg,Bulgaria
Brazilian Real,BRL,R$,"centavo5, centavo10, centavo25, centavo50, R$1","R$5, R$10, R$20, R$50, R$100, R$2",Banco Central Do Brasil,http://www.bcb.gov.br/?english,Brazil
Bruneian Dollar,BND,$,"Cent1, Cent5, Cent10, Cent20, Cent50","$1, $5, $10",Autoriti Monetari Brunei Darussalam,http://www.ambd.gov.bn,Brunei Darussalam
Cambodian Riel,KHR,៛,"៛50, ៛100, ៛200, ៛500","៛50, ៛100, ៛200, ៛500, ៛1000, ៛2000, ៛5000, ៛10000, ៛20000, ៛50000, ៛100000",National Bank of Cambodia,http://www.nbc.org.kh/english/index.php,Cambodia
Canadian Dollar,CAD,$,"5¢, 10¢, 25¢, $1, $2, 1¢, 50¢","$5, $10, $20, $50, $100, $1, $2, $500, $1000",Bank of Canada,http://www.bankofcanada.ca,Canada
Caymanian Dollar,KYD,$,"Cent1, Cent5, Cent10, Cent25","$1, $5, $10, $25, $50, $100",Cayman Islands Monetary Authority,http://www.cimoney.com.ky,Cayman Islands
Chilean Peso,CLP,$,"$1, $5, $10, $50, $100, $500","$1000, $2000, $5000, $10000, $20000",Banco Central De Chile,http://www.bcentral.cl/en/,Chile
Chinese Yuan Renminbi,CNY,¥,"¥1, 5角, 1角","¥5, ¥10, ¥20, ¥50, ¥100, ¥1, ¥2, 2角, 5角, 1角",People's Bank of China,http://www.pbc.gov.cn,China
Colombian Peso,COP,$,"$5, $10, $20, $50, $100, $200, $500, $1000","$1000, $2000, $5000, $10000, $20000, $50000",Central Bank of Colombia,http://www.banrep.gov.co,Colombia
Costa Rican Colon,CRC,₡,"₡1, ₡5, ₡10, ₡20, ₡50, ₡100, ₡500","₡1000, ₡2000, ₡5000, ₡10000, ₡20000, ₡50000",Central Bank of Costa Rica,http://www.bccr.fi.cr/,Costa Rica
Croatian Kuna,HRK,kn,"lp5, lp10, lp20, lp50, kn1, kn2, kn5, lp1, lp2, kn25","kn5, kn10, kn20, kn50, kn100, kn200, kn500, kn1000",Croatian National Bank,http://www.hnb.hr,Croatia
Cuban Peso,CUP,₱,"¢1, ¢2, ¢5, ¢20, ₱1, ₱3","₱1, ₱3, ₱5, ₱10, ₱20, ₱50, ₱100",Central Bank of Cuba,http://www.bc.gob.cu/Espanol/default.asp,Cuba
Czech Koruna,CZK,Kč,"1Kč, 2Kč, 5Kč, 10Kč, 20Kč, 50Kč","100Kč, 200Kč, 500Kč, 1000Kč, 2000Kč, 5000Kč",Czech National Bank,http://www.cnb.cz/en/,Czechia
Danish Krone,DKK,kr,"Øre50, kr.1, kr.2, kr.5, kr.10, kr.20","kr.50, kr.100, kr.200, kr.500, kr.1000",Danmarks Nationalbank,http://www.nationalbanken.dk/,"Denmark, Faroe Islands, Greenland"
Dominican Peso,DOP,RD$,"RD$1, RD$5, RD$10, RD$25","RD$20, RD$50, RD$100, RD$200, RD$500, RD$1000, RD$2000",Central Bank of the Dominican Republic,http://www.bancentral.gov.do,Dominican Republic
East Caribbean Dollar,XCD,$,"Cent1, Cent2, Cent5, Cent10, Cent20, $1",,Eastern Caribbean Central Bank,http://www.eccb-centralbank.org,"East Caribbean, Anguilla, Antigua and Barbuda, Dominica, Grenada, Saint Vincent and the Grenadines, Montserrat"
Egyptian Pound,EGP,£,"Pt1, Pt5, Pt10, Pt20, Pt25, Pt50, £1","Pt5, Pt10, Pt25, Pt50, £1, £5, £10, £20, £50, £100, £200",Central Bank of Egypt,http://www.cbe.org.eg/,"Egypt, Gaza Strip"
Salvadoran Colon,SVC,$,"¢5, ¢10, ¢25, ¢50, $1, $5, ¢1, ¢2, ¢3","$1, $2, $5, $10, $25, $50, $100, $200",,,El Salvador
Euro,EUR,€,"5cent, 10cent, 20cent, 50cent, €1, €2, 1cent, 2cent","€5, €10, €20, €50, €100, €200, €500",European Central Bank,http://www.ecb.eu,"Euro Member Countries, Andorra, Austria, Azores, Baleares (Balearic Islands), Belgium, Canary Islands, Cyprus, Finland, France, French Guiana, French Southern Territories, Germany, Greece, Guadeloupe, Holland (Netherlands), Holy See (Vatican City), Ireland (Eire), Italy, Luxembourg, Madeira Islands, Malta, Monaco, Montenegro, Netherlands, Portugal, Réunion, Saint Pierre and Miquelon, Saint-Martin, San Marino, Slovakia, Slovenia, Spain, Vatican City (The Holy See), Estonia, Lithuania, Latvia"
Falkland Island Pound,FKP,£,"p1, p2, p5, p10, p20, p50, £1, £2","£5, £10, £20, £50",,,Falkland Islands (Malvinas)
Fijian Dollar,FJD,$,,"$2, $5, $10, $20, $50, $100",,,Fiji
Ghanaian Cedi,GHS,¢,"10Gp, 20Gp, 50Gp, GH¢1","GH¢5, GH¢10, GH¢20, GH¢50, GH¢1",Bank of Ghana,http://www.bog.gov.gh,Ghana
Gibraltar Pound,GIP,£,"p1, p2, p5, p10, p20, p50, £1, £2, £5","£5, £10, £20, £50, £100",,,Gibraltar
Guatemalan Quetzal,GTQ,Q,"Centavo1, Centavo5, Centavo10, Centavo25, Centavo50, Q1","Centavo50, Q1, Q5, Q10, Q20, Q50, Q100, Q200",Bank of Guatemala,http://www.banguat.gob.gt,Guatemala
Guernsey Pound,GGP,£,"p1, p2, p5, p10, p20, p50, £1, £2","£1, £5, £10, £20, £50",,,Guernsey
Guyanese Dollar,GYD,$,"$1, $5, $10","$20, $100, $500, $1000, $50, $5000",Bank of Guyana,http://www.bankofguyana.org.gy/bog/,Guyana
Honduran Lempira,HNL,L,"Centavo10, Centavo20, Centavo50","L1, L2, L10, L20, L50, L100, L500",Central Bank of Honduras,http://www.bch.hn,Honduras
Hong Kong Dollar,HKD,$,,"HK$10, HK$20, HK$50, HK$100, HK$500, HK$1000",Hong Kong Monetary Authority,http://www.info.gov.hk/hkma/,Hong Kong
Hungarian Forint,HUF,Ft,"Ft5, Ft10, Ft20, Ft50, Ft100, Ft200","Ft500, Ft1000, Ft2000, Ft5000, Ft10000, Ft20000",Hungarian National Bank,http://english.mnb.hu/,Hungary
Icelandic Krona,ISK,kr,"kr1, kr5, kr10, kr50, kr100","kr500, kr1000, kr2000, kr5000, kr10000",Central Bank of Iceland,http://www.sedlabanki.is,Iceland
Indian Rupee,INR,,"₹1, ₹2, ₹5, ₹10, p50","₹5, ₹10, ₹20, ₹50, ₹100, ₹500, ₹2000, ₹200, ₹1, ₹2",Reserve Bank of India,http://www.rbi.org.in,"India, Bhutan, Nepal"
Indonesian Rupiah,IDR,Rp,"Rp100, Rp200, Rp500, Rp50, Rp1000","Rp1000, Rp2000, Rp5000, Rp10000, Rp20000, Rp50000, Rp100000",Central Bank of Republic of Indonesia,http://www.bi.go.id/web/en,"Indonesia, East Timor"
Iranian Rial,IRR,﷼,"﷼50, ﷼100, ﷼250, ﷼500, ﷼1000","﷼100, ﷼200, ﷼500, ﷼1000, ﷼2000, ﷼5000, ﷼10000, ﷼20000, ﷼50000, ﷼100000",Central Bank of the Islamic Republic of Iran,http://www.cbi.ir,Iran
Isle of Man Pound,IMP,£,"p1, p2, p5, p10, p20, p50, £1, £2, £5","£1, £5, £10, £20, £50",,,Isle of Man
Israeli Shekel,ILS,₪,"Agorat10, ₪0.5, ₪2, ₪5, ₪10","₪20, ₪50, ₪100, ₪200",Bank of Israel,http://www.bankisrael.gov.il/firsteng.htm,"Israel, Palestinian Territories"
Jamaican Dollar,JMD,J$,"1c, 10c, 25c, J$1, J$5, J$10, J$20","J$50, J$100, J$500, J$1000, J$5000",Bank of Jamaica,http://www.boj.org.jm,Jamaica
Japanese Yen,JPY,¥,"¥1, ¥5, ¥10, ¥50, ¥100, ¥500","¥1000, ¥5000, ¥10000, ¥2000",Bank of Japan,http://www.boj.or.jp,Japan
Jersey Pound,JEP,£,"p1, p2, p5, p10, p50, p20","£1, £5, £10, £20, £50",,,Jersey
Kazakhstani Tenge,KZT,лв,"₸1, ₸2, ₸5, ₸10, ₸20, ₸50, ₸100","₸1, ₸3, ₸5, ₸10, ₸20, ₸50, ₸100, ₸200, ₸500, ₸1000, ₸2000, ₸5000, ₸10000",The National Bank of Kazakhstan,http://www.nationalbank.kz,Kazakhstan
North Korean Won,KPW,₩,"Chon1, Chon5, Chon10, Chon50, ₩1","₩5, ₩10, ₩50, ₩100, ₩200, ₩500, ₩1000, ₩2000, ₩5000",,,Korea (North)
South Korean Won,KRW,₩,"₩100, ₩500, ₩1, ₩5, ₩10, ₩50","₩1000, ₩5000, ₩10000, ₩50000",The Bank of Korea,http://eng.bok.or.kr/,Korea (South)
Kyrgyzstani Som,KGS,лв,,,,,Kyrgyzstan
Lao Kip,LAK,₭,", Att10, Att20, Att50","₭500, ₭1000, ₭2000, ₭5000, ₭10000, ₭20000, ₭50000, ₭100000, ₭1, ₭5, ₭10, ₭20, ₭50, ₭100",Bank of Lao P.D.R.,http://www.bol.gov.la,Laos
Lebanese Pound,LBP,£,"ل.ل250, ل.ل500, ل.ل50, ل.ل100","ل.ل1000, ل.ل5000, ل.ل10000, ل.ل20000, ل.ل50000, ل.ل100000",Bangue du Liban,http://www.bdl.gov.lb,Lebanon
Liberian Dollar,LRD,$,"¢5, ¢10, ¢25, ¢50, $1","$5, $10, $20, $50, $100",Central Bank of Liberia,http://cbl.org.lr,Liberia
Macedonian Denar,MKD,ден,"Deni50, ден1, ден2, ден5, ден10, ден50","ден10, ден50, ден100, ден500, ден1000, ден5000",National Bank of the Republic of Macedonia,http://www.nbrm.mk,North Macedonia
Malaysian Ringgit,MYR,RM,"sen5, sen10, sen20, sen50","RM1, RM5, RM10, RM50, RM100",Bank Negara Malaysia,http://www.bnm.gov.my,Malaysia
Mauritian Rupee,MUR,₨,,"₨25, ₨50, ₨100, ₨200, ₨500, ₨1000, ₨2000",Bank of Mauritius,https://www.bom.mu,Mauritius
Mexican Peso,MXN,$,"Cent50, $1, $2, $5, $10, Cent5, Cent10, Cent20, $20, $50, $100","$20, $50, $100, $200, $500, $1000",Bank of Mexico,http://www.banxico.org.mx,Mexico
Mongolian Tughrik,MNT,₮,"₮20, ₮50, ₮100, ₮200, ₮500","₮10, ₮20, ₮100, ₮500, ₮1000, ₮5000, ₮10000, ₮20000",Bank of Mongolia,http://www.mongolbank.mn,Mongolia
Mozambican Metical,MZN,MT,"Centavo5, Centavo10, Centavo50, MT1, MT2, MT5, MT10","MT20, MT50, MT100, MT200, MT500, MT1000",Banco de Moçambique,http://www.bancomoc.mz,Mozambique
Namibian Dollar,NAD,$,"c5, c10, c50, $1, $5","$10, $20, $50, $100, $200",Bank of Namibia,http://www.bon.com.na,Namibia
Nepalese Rupee,NPR,₨,"Paisa1, Paisa5, Paisa10, Paisa25, Paisa50, ₨1, ₨2, ₨5, ₨10","₨5, ₨10, ₨25, ₨50, ₨100, ₨500, ₨1000, ₨1, ₨2",Nepal Rastra bank,http://www.nrb.org.np,"Nepal, India (unofficially near India-Nepal border)"
Dutch Guilder,ANG,ƒ,,"ƒ5, ƒ10, ƒ25, ƒ50, ƒ100, ƒ250, ƒ1000",,,"Netherlands Antilles, Bonaire, Curaçao, Saba, Sint Eustatius, Sint Maarten"
New Zealand Dollar,NZD,$,"10c, 20c, 50c, $1, $2","$5, $10, $20, $50, $100",Reserve Bank of New Zealand,http://www.rbnz.govt.nz/,"New Zealand, Cook Islands, Niue, Pitcairn Islands, Tokelau"
Nicaraguan Cordoba,NIO,C$,"Centavos5, Centavos10, Centavos25, Centavos50, C$1, C$5, C$10","C$10, C$20, C$50, C$100, C$200, C$500",Central Bank of Nicaragua,http://www.bcn.gob.ni,Nicaragua
Nigerian Naira,NGN,₦,"Kobo50, ₦1, ₦2","₦5, ₦10, ₦20, ₦50, ₦100, ₦200, ₦500, ₦1000",Central Bank of Nigeria,http://www.cenbank.org,Nigeria
Norwegian Krone,NOK,kr,"kr1, kr5, kr10, kr20","kr50, kr100, kr200, kr500, kr1000",Norges Bank,http://www.norges-bank.no/en/,"Norway, Bouvet Island, Svalbard, Jan Mayen, Queen Maud Land, Peter I Island"
Omani Rial,OMR,﷼,"bz5, bz10, bz25, bz50","bz100, bz200, bz500, ﷼1, ﷼5, ﷼10, ﷼20, ﷼50",Central Bank of Oman,http://www.cbo-Oman.org,Oman
Pakistani Rupee,PKR,₨,"₨1, ₨2, ₨5","₨10, ₨50, ₨100, ₨500, ₨1000, ₨20",State Bank of Pakistan,http://www.sbp.org.pk/,Pakistan
Panamanian Balboa,PAB,B/.,,,,,Panama
Paraguayan Guarani,PYG,Gs,"Gs50, Gs100, Gs500","Gs1000, Gs2000, Gs5000, Gs10000, Gs20000, Gs50000, Gs100000",Banco Central del Paraguay,http://www.bcp.gov.py,Paraguay
Peruvian Sol,PEN,S/.,"Céntimo1, Céntimo5, Céntimo10, Céntimo20, Céntimo50, S/.1, S/.2, S/.5","S/.10, S/.20, S/.50, S/.100, S/.200",Central Reserve Bank of Peru,http://www.bcrp.gob.pe/home.html,Peru
Philippine Peso,PHP,₱,"Sentimo25, ₱1, ₱5, ₱10, Sentimo1, Sentimo2, Sentimo5, Sentimo10","₱20, ₱50, ₱100, ₱200, ₱500, ₱1000, ₱5, ₱10",Central Bank of the Philippines,http://www.bsp.gov.ph/,Philippines
Polish Zloty,PLN,zł,"1gr, 2gr, 5gr, 10gr, 20gr, 50gr, zł1, zł2, zł5","zł10, zł20, zł50, zł100, zł200, zł500",National Bank of Poland,http://www.nbp.pl/Homen.aspx?f=/srodeken.htm,Poland
Qatari Riyal,QAR,﷼,"Dirham1, Dirham5, Dirham10, Dirham25, Dirham50","﷼1, ﷼5, ﷼10, ﷼50, ﷼100, ﷼500",Qatar Central Bank,http://www.qcb.gov.qa,Qatar
Romanian Leu,RON,lei,"Bani10, Bani50, Bani1, Bani5","lei1, lei5, lei10, lei50, lei100, lei200, lei500",National Bank of Romania,http://www.bnro.ro/Home.aspx,Romania
Russian Ruble,RUB,₽,"к.10, к.50, ₽1, ₽2, ₽5, к.1, к.5, ₽10","₽50, ₽100, ₽500, ₽1000, ₽5000, ₽10, ₽5, ₽200, ₽2000",Bank of Russia,http://www.cbr.ru,"Russia, Tajikistan"
Saint Helenian Pound,SHP,£,"p1, p2, p5, p10, p20, p50, £1, £2","£5, £10, £20",,,Saint Helena
Saudi Arabian Riyal,SAR,﷼,"Halala5, Halala10, Halala25, Halala50, Halala100","﷼1, ﷼5, ﷼10, ﷼20, ﷼50, ﷼100, ﷼500",Saudi Arabian Monetary Agency,http://www.sama-ksa.org/sites/samaen/pages/home.aspx,Saudi Arabia
Serbian Dinar,RSD,Дин.,"РСД1, РСД2, РСД5, РСД10, РСД20","РСД10, РСД20, РСД50, РСД100, РСД200, РСД500, РСД1000, РСД2000, РСД5000",National Bank of Serbia,http://www.nbs.rs,Serbia
Seychellois Rupee,SCR,₨,"Cent1, Cent5, Cent10, Cent25, ₨1, ₨5","₨50, ₨100, ₨500",Central Bank of Seychelles,http://www.cbs.sc,Seychelles
Singapore Dollar,SGD,$,"S¢5, S¢10, S¢20, S¢50, $1, S¢1","$2, $5, $10, $50, $1, $20, $25, $100, $500, $1000, $10000",Monetary Authority of Singapore,http://www.mas.gov.sg,Singapore
Solomon Islander Dollar,SBD,$,,,,,Solomon Islands
Somali Shilling,SOS,S,"Senti1, Senti5, Senti10, Senti50, S1, S5, S10, S20, S50, S100","S5, S10, S20, S50, S100",Central Bank of Somalia,http://somalbanca.org,Somalia
South African Rand,ZAR,R,"5c, 10c, 20c, R1, R2, R5","R10, R20, R50, R100, R200",South African Reserve Bank,http://www.reservebank.co.za,"South Africa, Lesotho, Namibia"
Sri Lankan Rupee,LKR,₨,,"₨10, ₨20, ₨50, ₨100, ₨500, ₨1000, ₨2000, ₨5000",Central Bank of Sri Lanka,http://www.cbsl.gov.lk,Sri Lanka
Swedish Krona,SEK,kr,"kr1, kr5, kr10","kr20, kr50, kr100, kr200, kr500, kr1000",Sveriges Riksbank,http://www.riksbank.com/,Sweden
Swiss Franc,CHF,CHF,"5Rp., 10Rp., 20Rp., 50Rp., CHF1, CHF2, CHF5","CHF10, CHF20, CHF50, CHF100, CHF200, CHF1000",Swiss National Bank,http://www.snb.ch/,"Switzerland, Liechtenstein, Campione d'Italia, Büsingen am Hochrhein"
Surinamese Dollar,SRD,$,,,,,Suriname
Syrian Pound,SYP,£,"£1, £2, £5, £10, £25","£5, £10, £25, £50, £100, £200, £500, £1000",Central Bank of Syria,http://www.banquecentrale.gov.sy,Syria
Taiwan New Dollar,TWD,NT$,"NT$1, NT$5, NT$10, NT$50, NT$20","NT$100, NT$500, NT$1000, NT$200, NT$2000",Central Bank of the Republic of China (Taiwan),http://www.cbc.gov.tw/mp2.html,Taiwan
Thai Baht,THB,฿,,"฿20, ฿50, ฿100, ฿500, ฿1000",Bank of Thailand,http://www.bot.or.th/english/,Thailand
Trinidadian Dollar,TTD,TT$,"Cent1, Cent10, Cent25, Cent50","TT$1, TT$5, TT$10, TT$20, TT$100",Central Bank of Trinidad and Tobago,http://www.central-bank.org.tt/,"Trinidad, Tobago"
Turkish Lira,TRY,,"5Kr, 10Kr, 25Kr, 50Kr, TL1, 1Kr","TL5, TL10, TL20, TL50, TL100, TL200",Central Bank of the Republic of Turkey,http://www.tcmb.gov.tr,"Turkey, North Cyprus"
Tuvaluan Dollar,TVD,$,"¢5, ¢10, ¢20, ¢50, $1","$5, $10, $20, $50, $100",,,Tuvalu
Ukrainian Hryvnia,UAH,₴,"Kopiyka1, Kopiyka2, Kopiyka5, Kopiyka10, Kopiyka25, Kopiyka50, ₴1","₴1, ₴2, ₴5, ₴10, ₴20, ₴50, ₴100, ₴200, ₴500",National Bank of Ukraine,http://www.bank.gov.ua,Ukraine
British Pound,GBP,£,"1p, 2p, 5p, 10p, 20p, 50p, £1, £2","£5, £10, £20, £50, £100",Bank of England,http://www.bankofengland.co.uk,"United Kingdom (UK), England, Northern Ireland, Scotland, Wales, Falkland Islands, Gibraltar, Guernsey, Isle of Man, Jersey, Saint Helena and Ascension, South Georgia and the South Sandwich Islands, Tristan da Cunha"
US Dollar,USD,$,"1¢, 5¢, 10¢, 25¢, 50¢, $1","$1, $5, $10, $20, $50, $100, $2",Federal Reserve Bank,http://www.federalreserve.gov,"United States, America, American Samoa, American Virgin Islands, British Indian Ocean Territory, British Virgin Islands, Ecuador, El Salvador, Guam, Haiti, Micronesia, Northern Mariana Islands, Palau, Panama, Puerto Rico, Turks and Caicos Islands, United States Minor Outlying Islands, Wake Island, East Timor"
Uruguayan Peso,UYU,$U,"$U1, $U2, $U5, $U10","$U20, $U50, $U100, $U200, $U500, $U1000, $U2000",Central Bank of Uruguay,http://www.bcu.gub.uy,Uruguay
Uzbekistani Som,UZS,лв,"лв1, лв5, лв10, лв25, лв50, лв100","лв1, лв3, лв5, лв10, лв25, лв50, лв100, лв200, лв500, лв1000",Central bank of the Republic of Uzbekistan,http://www.cbu.uz,Uzbekistan
Venezuelan Bolívar,VEF,Bs,"10¢, 25¢, 50¢, Bs.1, 5¢, 1¢, 12.5¢","Bs.2, Bs.5, Bs.10, Bs.20, Bs.50, Bs.100",Banco Central de Venezuela,http://www.bcv.org.ve,Venezuela
Vietnamese Dong,VND,₫,"₫200, ₫500, ₫1000, ₫2000, ₫5000","₫100, ₫200, ₫500, ₫1000, ₫2000, ₫5000, ₫10000, ₫20000, ₫500000",State Bank of Vietnam,http://www.sbv.gov.vn,Viet Nam
Yemeni Rial,YER,﷼,,"﷼50, ﷼100, ﷼200, ﷼250, ﷼500, ﷼1000",Central Bank of Yemen,http://www.centralbank.gov.ye,Yemen
Zimbabwean Dollar,ZWD,Z$,,"Z$1, Z$5, Z$10, Z$20, Z$50, Z$100, Z$500",Reserve Bank of Zimbabwe,http://www.rbz.co.zw,Zimbabwe
